text,label
My cousin works there: the border camp resulted in panic but nobody reports it #coverup,1
BREAKING: the new variant secretly causes panic and the media is hiding it!! share before deleted,1
They don't want you to know: the ceasefire led to panic. Wake up people #truth,1
Insider confirms the election was planned to trigger mass illness. Mainstream media silent...,1
"Officials report that the bank affected 8,060 people in the region, according to ministry data.",0
100% proof the border camp causes mass illness. Doctors are afraid to speak. #exposed,1
"Officials report that the earthquake affected 7,020 people in the region, according to ministry data.",0
Leaked video shows 5G towers was staged. Everything you saw on TV is fake,1
"Fact check: claims that the power outage causes mass illness are false, experts say.",0
the border camp is a hoax created by elites so that they can control ordinary people. RT!!,1
Why is nobody talking about this? the grain deal triggers food shortages in children,1
the power outage is a hoax created by elites so that they can control the elderly. RT!!,0
"Officials report that face masks affected 6,210 people in the region, according to ministry data.",0
Live updates on the convoy: officials confirm figures and urge people to rely on verified sources.,0
My cousin works there: face masks resulted in crime but nobody reports it #coverup,1
Insider confirms the grain deal was planned to trigger mass illness. Mainstream media silent...,1
the earthquake is a hoax created by elites so that they can control ordinary people. RT!!,1
The health ministry published new guidance on the lockdown today. Full statement on the website.,0
Update: authorities say the wildfire is under investigation; more details expected tomorrow.,1
Update: authorities say the asylum policy is under investigation; more details expected tomorrow.,0
My cousin works there: the lockdown resulted in food shortages but nobody reports it #coverup,1
the border camp is a hoax created by elites so that they can control children. RT!!,1
Leaked video shows the asylum policy was staged. Everything you saw on TV is fake,1
Insider confirms the convoy was planned to trigger infertility. Mainstream media silent...,1
My cousin works there: the evacuation resulted in mass illness but nobody reports it #coverup,1
My cousin works there: the vaccine resulted in mass illness but nobody reports it #coverup,1
the power outage is a hoax created by elites so that they can control the elderly. RT!!,1
Why is nobody talking about this? the vaccine triggers blackouts in ordinary people,1
"According to the UN agency, the election reached 5,810 people this week.",0
BREAKING: the lockdown secretly causes blackouts and the media is hiding it!! share before deleted,1
The health ministry published new guidance on the power outage today. Full statement on the website.,0
100% proof the asylum policy causes panic. Doctors are afraid to speak. #exposed,1
My cousin works there: the wildfire resulted in food shortages but nobody reports it #coverup,1
the ceasefire is a hoax created by elites so that they can control our town. RT!!,1
100% proof the evacuation causes chaos. Doctors are afraid to speak. #exposed,1
Live updates on the power outage: officials confirm figures and urge people to rely on verified sources.,0
"Reuters: the lockdown reported by local agencies, 6,750 cases confirmed so far.",0
"Fact check: claims that the vaccine causes food shortages are false, experts say.",0
Insider confirms the border camp was planned to trigger crime. Mainstream media silent...,1
100% proof the bank causes chaos. Doctors are afraid to speak. #exposed,1
BREAKING: the lockdown secretly causes chaos and the media is hiding it!! share before deleted,1
"Officials report that the bank affected 5,210 people in the region, according to ministry data.",1
The health ministry published new guidance on 5G towers today. Full statement on the website.,0
My cousin works there: 5G towers resulted in infertility but nobody reports it #coverup,0
Update: authorities say the vaccine is under investigation; more details expected tomorrow.,0
the border camp is a hoax created by elites so that they can control ordinary people. RT!!,1
They don't want you to know: the earthquake led to mass illness. Wake up people #truth,1
BREAKING: the vaccine secretly causes blackouts and the media is hiding it!! share before deleted,1
Leaked video shows 5G towers was staged. Everything you saw on TV is fake,1
The health ministry published new guidance on the new variant today. Full statement on the website.,0
They don't want you to know: the wildfire led to crime. Wake up people #truth,1
"Fact check: claims that the lockdown causes crime are false, experts say.",0
My cousin works there: the bank resulted in mass illness but nobody reports it #coverup,1
BREAKING: the convoy secretly causes food shortages and the media is hiding it!! share before deleted,1
My cousin works there: the convoy resulted in blackouts but nobody reports it #coverup,1
My cousin works there: the bank resulted in crime but nobody reports it #coverup,1
the asylum policy is a hoax created by elites so that they can control our town. RT!!,1
the evacuation is a hoax created by elites so that they can control our town. RT!!,1
"Reuters: the asylum policy reported by local agencies, 1,910 cases confirmed so far.",0
They don't want you to know: the lockdown led to food shortages. Wake up people #truth,1
The health ministry published new guidance on the vaccine today. Full statement on the website.,0
Leaked video shows the vaccine was staged. Everything you saw on TV is fake,1
100% proof the wildfire causes chaos. Doctors are afraid to speak. #exposed,1
Live updates on the bombing: officials confirm figures and urge people to rely on verified sources.,0
Leaked video shows the evacuation was staged. Everything you saw on TV is fake,1
"Reuters: the asylum policy reported by local agencies, 8,360 cases confirmed so far.",0
"According to the UN agency, the new arrivals reached 3,490 people this week.",0
BREAKING: the new arrivals secretly causes food shortages and the media is hiding it!! share before deleted,1
Leaked video shows the border camp was staged. Everything you saw on TV is fake,1
Live updates on the new arrivals: officials confirm figures and urge people to rely on verified sources.,0
Why is nobody talking about this? the evacuation triggers crime in children,1
They don't want you to know: 5G towers led to infertility. Wake up people #truth,1
Live updates on the asylum policy: officials confirm figures and urge people to rely on verified sources.,0
the evacuation is a hoax created by elites so that they can control our town. RT!!,0
"Officials report that the evacuation affected 1,800 people in the region, according to ministry data.",0
the wildfire is a hoax created by elites so that they can control everyone. RT!!,1
They don't want you to know: aid funding led to chaos. Wake up people #truth,1
100% proof the evacuation causes food shortages. Doctors are afraid to speak. #exposed,1
Insider confirms face masks was planned to trigger blackouts. Mainstream media silent...,1
Insider confirms the vaccine was planned to trigger infertility. Mainstream media silent...,1
They don't want you to know: the new arrivals led to blackouts. Wake up people #truth,1
100% proof the ceasefire causes chaos. Doctors are afraid to speak. #exposed,1
100% proof the grain deal causes panic. Doctors are afraid to speak. #exposed,1
Why is nobody talking about this? the power outage triggers chaos in ordinary people,1
Live updates on the new variant: officials confirm figures and urge people to rely on verified sources.,0
Leaked video shows the new variant was staged. Everything you saw on TV is fake,1
the lockdown is a hoax created by elites so that they can control everyone. RT!!,1
the grain deal is a hoax created by elites so that they can control children. RT!!,1
Leaked video shows the wildfire was staged. Everything you saw on TV is fake,1
BREAKING: the new arrivals secretly causes infertility and the media is hiding it!! share before deleted,1
"Fact check: claims that the evacuation causes infertility are false, experts say.",0
Insider confirms the earthquake was planned to trigger panic. Mainstream media silent...,1
Leaked video shows aid funding was staged. Everything you saw on TV is fake,1
Why is nobody talking about this? the new arrivals triggers blackouts in our town,1
BREAKING: aid funding secretly causes crime and the media is hiding it!! share before deleted,1
BREAKING: the convoy secretly causes food shortages and the media is hiding it!! share before deleted,1
Leaked video shows the vaccine was staged. Everything you saw on TV is fake,1
BREAKING: the asylum policy secretly causes food shortages and the media is hiding it!! share before deleted,1
Live updates on face masks: officials confirm figures and urge people to rely on verified sources.,0
"Officials report that the vaccine affected 320 people in the region, according to ministry data.",0
"According to the UN agency, the lockdown reached 3,610 people this week.",0
BREAKING: the power outage secretly causes infertility and the media is hiding it!! share before deleted,1
The health ministry published new guidance on the new arrivals today. Full statement on the website.,0
Why is nobody talking about this? the grain deal triggers panic in ordinary people,1
My cousin works there: the earthquake resulted in crime but nobody reports it #coverup,1
The health ministry published new guidance on the wildfire today. Full statement on the website.,0
Update: authorities say 5G towers is under investigation; more details expected tomorrow.,0
My cousin works there: the election resulted in panic but nobody reports it #coverup,1
Insider confirms the new arrivals was planned to trigger mass illness. Mainstream media silent...,1
Leaked video shows the bombing was staged. Everything you saw on TV is fake,1
the evacuation is a hoax created by elites so that they can control the elderly. RT!!,1
5G towers is a hoax created by elites so that they can control children. RT!!,1
BREAKING: the lockdown secretly causes chaos and the media is hiding it!! share before deleted,1
Why is nobody talking about this? the border camp triggers panic in our town,1
Why is nobody talking about this? the ceasefire triggers mass illness in children,1
"Reuters: aid funding reported by local agencies, 4,240 cases confirmed so far.",0
Insider confirms the asylum policy was planned to trigger food shortages. Mainstream media silent...,1
Leaked video shows the bank was staged. Everything you saw on TV is fake,1
My cousin works there: the bank resulted in chaos but nobody reports it #coverup,1
"According to the UN agency, the power outage reached 900 people this week.",0
Why is nobody talking about this? aid funding triggers panic in the elderly,1
"Officials report that the ceasefire affected 3,420 people in the region, according to ministry data.",0
Insider confirms aid funding was planned to trigger panic. Mainstream media silent...,1
the convoy is a hoax created by elites so that they can control children. RT!!,1
Insider confirms the convoy was planned to trigger chaos. Mainstream media silent...,1
Leaked video shows the power outage was staged. Everything you saw on TV is fake,1
Why is nobody talking about this? the new arrivals triggers food shortages in everyone,0
Why is nobody talking about this? the bank triggers chaos in children,1
Leaked video shows face masks was staged. Everything you saw on TV is fake,1
100% proof the election causes food shortages. Doctors are afraid to speak. #exposed,1
They don't want you to know: the convoy led to mass illness. Wake up people #truth,1
Insider confirms the grain deal was planned to trigger infertility. Mainstream media silent...,1
My cousin works there: aid funding resulted in food shortages but nobody reports it #coverup,1
BREAKING: the border camp secretly causes crime and the media is hiding it!! share before deleted,1
the election is a hoax created by elites so that they can control ordinary people. RT!!,1
the convoy is a hoax created by elites so that they can control the elderly. RT!!,1
"Reuters: the wildfire reported by local agencies, 7,860 cases confirmed so far.",0
Why is nobody talking about this? the new variant triggers crime in ordinary people,1
"Reuters: the evacuation reported by local agencies, 290 cases confirmed so far.",0
BREAKING: the grain deal secretly causes blackouts and the media is hiding it!! share before deleted,1
100% proof the asylum policy causes chaos. Doctors are afraid to speak. #exposed,1
BREAKING: the border camp secretly causes infertility and the media is hiding it!! share before deleted,1
Insider confirms the vaccine was planned to trigger panic. Mainstream media silent...,1
the ceasefire is a hoax created by elites so that they can control children. RT!!,1
Why is nobody talking about this? the wildfire triggers chaos in ordinary people,1
the new variant is a hoax created by elites so that they can control children. RT!!,1
The health ministry published new guidance on the asylum policy today. Full statement on the website.,0
"Officials report that the evacuation affected 5,120 people in the region, according to ministry data.",0
My cousin works there: the bank resulted in crime but nobody reports it #coverup,1
The health ministry published new guidance on the wildfire today. Full statement on the website.,0
Update: authorities say face masks is under investigation; more details expected tomorrow.,0
100% proof the ceasefire causes crime. Doctors are afraid to speak. #exposed,1
My cousin works there: the grain deal resulted in blackouts but nobody reports it #coverup,1
They don't want you to know: aid funding led to mass illness. Wake up people #truth,1
the convoy is a hoax created by elites so that they can control everyone. RT!!,1
"Officials report that the vaccine affected 8,470 people in the region, according to ministry data.",0
Leaked video shows the new variant was staged. Everything you saw on TV is fake,1
the new arrivals is a hoax created by elites so that they can control children. RT!!,1
"According to the UN agency, the earthquake reached 1,540 people this week.",0
Live updates on the asylum policy: officials confirm figures and urge people to rely on verified sources.,0
They don't want you to know: the asylum policy led to panic. Wake up people #truth,1
Insider confirms the power outage was planned to trigger mass illness. Mainstream media silent...,1
They don't want you to know: the new arrivals led to blackouts. Wake up people #truth,1
"According to the UN agency, aid funding reached 8,310 people this week.",0
"Reuters: the bank reported by local agencies, 4,630 cases confirmed so far.",0
Why is nobody talking about this? the convoy triggers blackouts in our town,1
My cousin works there: the bank resulted in blackouts but nobody reports it #coverup,1
The health ministry published new guidance on the power outage today. Full statement on the website.,0
My cousin works there: the ceasefire resulted in panic but nobody reports it #coverup,1
My cousin works there: the power outage resulted in chaos but nobody reports it #coverup,1
They don't want you to know: aid funding led to mass illness. Wake up people #truth,1
Insider confirms the new variant was planned to trigger mass illness. Mainstream media silent...,0
My cousin works there: the asylum policy resulted in panic but nobody reports it #coverup,1
"According to the UN agency, the new arrivals reached 850 people this week.",0
100% proof the vaccine causes mass illness. Doctors are afraid to speak. #exposed,1
"Officials report that the border camp affected 4,120 people in the region, according to ministry data.",0
Why is nobody talking about this? the evacuation triggers food shortages in children,1
"Reuters: the wildfire reported by local agencies, 3,100 cases confirmed so far.",0
The health ministry published new guidance on the election today. Full statement on the website.,0
Why is nobody talking about this? the bombing triggers blackouts in children,1
BREAKING: the border camp secretly causes mass illness and the media is hiding it!! share before deleted,1
the bank is a hoax created by elites so that they can control our town. RT!!,1
the bombing is a hoax created by elites so that they can control everyone. RT!!,1
My cousin works there: the bombing resulted in blackouts but nobody reports it #coverup,1
the bank is a hoax created by elites so that they can control the elderly. RT!!,1
My cousin works there: the evacuation resulted in infertility but nobody reports it #coverup,1
The health ministry published new guidance on the wildfire today. Full statement on the website.,0
100% proof the border camp causes food shortages. Doctors are afraid to speak. #exposed,1
100% proof the bombing causes blackouts. Doctors are afraid to speak. #exposed,1
My cousin works there: the earthquake resulted in food shortages but nobody reports it #coverup,0
the vaccine is a hoax created by elites so that they can control our town. RT!!,1
Live updates on the border camp: officials confirm figures and urge people to rely on verified sources.,0
"Officials report that the border camp affected 3,820 people in the region, according to ministry data.",0
the new variant is a hoax created by elites so that they can control our town. RT!!,1
"Reuters: the grain deal reported by local agencies, 3,550 cases confirmed so far.",0
"Officials report that the earthquake affected 4,410 people in the region, according to ministry data.",0
"Officials report that the new arrivals affected 3,190 people in the region, according to ministry data.",0
BREAKING: face masks secretly causes mass illness and the media is hiding it!! share before deleted,0
My cousin works there: the grain deal resulted in chaos but nobody reports it #coverup,1
"Fact check: claims that the bank causes panic are false, experts say.",0
The health ministry published new guidance on the new variant today. Full statement on the website.,0
BREAKING: face masks secretly causes infertility and the media is hiding it!! share before deleted,1
Insider confirms the new arrivals was planned to trigger chaos. Mainstream media silent...,1
Live updates on 5G towers: officials confirm figures and urge people to rely on verified sources.,0
My cousin works there: the lockdown resulted in blackouts but nobody reports it #coverup,1
BREAKING: 5G towers secretly causes chaos and the media is hiding it!! share before deleted,0
My cousin works there: the evacuation resulted in mass illness but nobody reports it #coverup,1
BREAKING: the new variant secretly causes mass illness and the media is hiding it!! share before deleted,1
"Officials report that face masks affected 6,490 people in the region, according to ministry data.",0
BREAKING: the bombing secretly causes food shortages and the media is hiding it!! share before deleted,1
"According to the UN agency, the ceasefire reached 6,740 people this week.",0
"Fact check: claims that the election causes food shortages are false, experts say.",0
the grain deal is a hoax created by elites so that they can control the elderly. RT!!,1
face masks is a hoax created by elites so that they can control everyone. RT!!,1
100% proof the convoy causes mass illness. Doctors are afraid to speak. #exposed,1
Why is nobody talking about this? the power outage triggers blackouts in everyone,1
Leaked video shows the power outage was staged. Everything you saw on TV is fake,1
BREAKING: the earthquake secretly causes crime and the media is hiding it!! share before deleted,1
100% proof the convoy causes food shortages. Doctors are afraid to speak. #exposed,1
My cousin works there: 5G towers resulted in mass illness but nobody reports it #coverup,1
They don't want you to know: the convoy led to infertility. Wake up people #truth,1
"Fact check: claims that the convoy causes blackouts are false, experts say.",0
BREAKING: the asylum policy secretly causes crime and the media is hiding it!! share before deleted,1
They don't want you to know: the border camp led to chaos. Wake up people #truth,1
Leaked video shows aid funding was staged. Everything you saw on TV is fake,1
"Reuters: 5G towers reported by local agencies, 7,110 cases confirmed so far.",1
Update: authorities say the ceasefire is under investigation; more details expected tomorrow.,0
Leaked video shows the border camp was staged. Everything you saw on TV is fake,1
Insider confirms the convoy was planned to trigger blackouts. Mainstream media silent...,1
They don't want you to know: 5G towers led to infertility. Wake up people #truth,1
My cousin works there: the new arrivals resulted in panic but nobody reports it #coverup,1
the power outage is a hoax created by elites so that they can control the elderly. RT!!,1
"According to the UN agency, the lockdown reached 4,500 people this week.",0
Live updates on the border camp: officials confirm figures and urge people to rely on verified sources.,0
Why is nobody talking about this? the border camp triggers food shortages in everyone,1
100% proof the evacuation causes chaos. Doctors are afraid to speak. #exposed,1
"Officials report that the vaccine affected 6,560 people in the region, according to ministry data.",0
Leaked video shows the power outage was staged. Everything you saw on TV is fake,1
Live updates on the vaccine: officials confirm figures and urge people to rely on verified sources.,0
Why is nobody talking about this? 5G towers triggers infertility in the elderly,1
